soort,frequentie,schatting,lcl,ucl,jaarlijks,looptijd,klasse,verloop,analysis,status
Aalscholver,driejaarlijks,1.081,1.035,1.129,+8.09% (+3.50%; +12.88%),+220% (+70%; +520%),++,niet-lineair,5163dc0732dd26358a52dfb0c294dcee08bc62a4,07ade974470c49a2d986c88862df0fce06f3675c
Aalscholver,jaarlijks,1.083,1.037,1.13,+8.26% (+3.72%; +13.01%),+230% (+70%; +530%),++,niet-lineair,1f37ecea7669f5fab8d6424c455eff6f347b43bb,2f93e666cf12e53dbe4a9e35354feca272556cd4
Bergeend,driejaarlijks,1.016,1.003,1.03,+1.6% (+0.3%; +3.0%),+28% (+4%; +57%),+,niet-lineair,0b6264fbc6bb14efaed7638765184e3d79da62f2,44e617449d30fe20b69013d5bcd73481b67caf41
Bergeend,jaarlijks,1.014,1.001,1.028,+1.4% (+0.1%; +2.8%),+24% (+1%; +51%),+,niet-lineair,50d44390045d43093dfb7df634d621060bf55f01,b46da87dea2c6434467a701589e51bc810559881
Blauwborst,driejaarlijks,1.017,1.001,1.033,+1.7% (+0.1%; +3.3%),+29% (+2%; +63%),+,niet-lineair,9bc8203ce02b22e22b915b775b0001d5ac6bbe5f,fefdeb4874867f08eacd9ebde3812da29a030c3a
Blauwborst,jaarlijks,1.017,1.002,1.033,+1.7% (+0.2%; +3.3%),+29% (+2%; +63%),+,niet-lineair,133c291c4aabec3e30a413380336a5f12045264d,fd33b87d1db97785d050555a9ecc8fb3e0172a79
Blauwe reiger,driejaarlijks,1.013,0.995,1.032,+1.3% (-0.5%; +3.2%),+22% (-8%; +61%),?+,niet-lineair,de457e2f150c9616e4ee375069861a8a9711e535,142395d9a9c9ada339e66275113cbebab418f67d
Blauwe reiger,jaarlijks,1.015,0.996,1.034,+1.5% (-0.4%; +3.4%),+24% (-6%; +64%),?+,niet-lineair,2f136a84278bc4108c5385ec0ca51cbfe50f1603,92f5aca712cb8bfbf3166edc5c815b6b77e8065f
Boerenzwaluw,driejaarlijks,1.007,1,1.014,+0.71% (-0.02%; +1.44%),+11% (-0%; +24%),~,niet-lineair,2a3d6fb7d8c9254bc0145a0ec8b134f9b3d244d2,71d65a3647410fc742df783dff5c5a8d51a54169
Boerenzwaluw,jaarlijks,1.006,0.999,1.013,+0.60% (-0.11%; +1.33%),+9% (-2%; +22%),~,niet-lineair,6f9691341e680918d4390abccc677309db0dedea,05d2aa603ba9dd62fca0a8eb0b88c748e697fb52
Bonte vliegenvanger,driejaarlijks,1.029,1,1.058,+2.9% (+0.0%; +5.8%),+54% (+1%; +135%),+,lineair,b10b11a9f6c0908908916e71031d96b17dd0151f,7b5401da65404db90510634e0b9849fdb60c0338
Bonte vliegenvanger,jaarlijks,1.036,1.008,1.064,+3.6% (+0.8%; +6.4%),+69% (+13%; +154%),+,lineair,a9d3d0375d7f8df70cb80933059e2e00a1c92fa5,5e0e47f631075cf712d2cd4e85e02ce8b64a772a
Boomklever,driejaarlijks,1.041,1.029,1.052,+4.1% (+2.9%; +5.2%),+81.7% (+53.3%; +115.2%),++,niet-lineair,359fa66433d363c963d61ed4f25f7db6493962e5,ece7c1bdbb69cfea0e84cb82b79fb7c7cfdfa2a1
Boomklever,jaarlijks,1.042,1.03,1.054,+4.2% (+3.0%; +5.4%),+85.2% (+56.4%; +119.5%),++,niet-lineair,df7b53e5cbd07556a2d4fb1d8d980db44e984257,cf3aee5c82778e39761daea0417d72d40ad88474
Boomkruiper,driejaarlijks,1.015,1.005,1.024,+1.5% (+0.5%; +2.4%),+25% (+8%; +43%),+,niet-lineair,5e2b002a7c07b33d540613266ac2db8e1fb1e73f,aced7762b8bf926f3aea94261b35c91996e91abd
Boomkruiper,jaarlijks,1.015,1.005,1.024,+1.5% (+0.5%; +2.4%),+24% (+8%; +43%),+,niet-lineair,a80fe8334a19ef1f371eb2fba3a9da2c2e22767b,3c7112b18b113ea6f8ce1f2b255987ec93a2eee4
Boomleeuwerik,driejaarlijks,1.049,1.012,1.088,+4.9% (+1.2%; +8.8%),+110% (+20%; +260%),+,lineair,c5d6295a2a58c01374bb0963b2616a15f4282cb1,6a370ba34eab4445cfaf3fb0c39211d87646d428
Boomleeuwerik,jaarlijks,1.052,1.013,1.092,+5.2% (+1.3%; +9.2%),+110% (+20%; +280%),+,niet-lineair,5f292202ba0b680af6fbb8d1a8c854f062e1c6cb,16bd22106b06cb46b2d5311078dd4ba4e9e3c54a
Boompieper,driejaarlijks,1.002,0.985,1.018,+0.16% (-1.46%; +1.80%),+2% (-20%; +31%),~,lineair,34f551998379660178f3be66e0f05bc8eaf1a62a,1a20517c9eb8e2144e838f547b3e000d0ffe137f
Boompieper,jaarlijks,1.001,0.985,1.018,+0.13% (-1.48%; +1.76%),+2% (-20%; +30%),~,niet-lineair,d7fd857c08432be63d7819917f9de330ddf62664,ea6e7d6685c77190d0d76e136df825c857645754
Bosrietzanger,driejaarlijks,0.99,0.965,1.016,-1.0% (-3.5%; +1.6%),-14% (-42%; +26%),?-,niet-lineair,4d564c4dcbb52a8d46ba6c9019303b957b9bd84e,1f976649109229550c1b0176b31a96ee04940a87
Bosrietzanger,jaarlijks,0.993,0.968,1.019,-0.7% (-3.2%; +1.9%),-10% (-38%; +32%),?-,niet-lineair,49595d88fd5b0b8b9cdae872a7a347af6078a8c7,6cde0795a72cbfebf1f33cf744c45754f80c47bc
Bruine kiekendief,driejaarlijks,1.004,0.978,1.032,+0.4% (-2.2%; +3.2%),+7% (-29%; +60%),?,lineair,fb4e7a94e003a419e28cc2d5d02105a6d3d09cd9,2ac0bbb479630931796a0fb0ca5cbdab92b95a13
Bruine kiekendief,jaarlijks,1.006,0.979,1.033,+0.6% (-2.1%; +3.3%),+9% (-27%; +64%),?,lineair,44cc98f612690f87dcfb506cdf7014d51ff21d3e,2b5e46bddc21b0555f05e2b666d0a74d8735bc74
Buizerd,driejaarlijks,1.04,1.031,1.049,+4.0% (+3.1%; +4.9%),+80.2% (+58.0%; +105.4%),++,niet-lineair,ec6a2e8efc2ff3e4549cf4a02dd7fffc8bff5d5c,cecef723dbed1b6335236604cb04d6b0409d0480
Buizerd,jaarlijks,1.041,1.032,1.051,+4.1% (+3.2%; +5.1%),+83.6% (+61.1%; +109.5%),++,niet-lineair,830d575d6221700082a1ba4ab6a8628dd10f8ffc,cb138f339fbbc93178704edbd457b17721d0098a
Canadese gans,driejaarlijks,1.02,1.009,1.032,+2.0% (+0.9%; +3.2%),+35% (+14%; +60%),+,lineair,6199afcd7e01a230dabb9194d8b604ff6ebca3f5,eb6d27c505879d4f24935b470d692b96e8c5672d
Canadese gans,jaarlijks,1.023,1.011,1.034,+2.3% (+1.1%; +3.4%),+40% (+18%; +66%),+,lineair,ab29ccc3442026586cfedc5d67646dcc2ae3ad79,620cf1fe02c2d9f08386ffcf87bcf7179f4a83db
Cetti's zanger,driejaarlijks,1.175,1.127,1.225,+17.5% (+12.7%; +22.5%),+1020% (+500%; +2000%),++,niet-lineair,a0b2403b13d3a5b7c558032a5005bad33ba3956c,1394832cdb0aa3f9a5a9f69313c8d01d48ad6eff
Cetti's zanger,jaarlijks,1.183,1.134,1.236,+18% (+13%; +24%),+1200% (+600%; +2300%),++,niet-lineair,6124c25f4fd44a5c27a0d8a3beae9722c7b76a61,1772b6fa487bdda2d815fc70f8722cfe2d78971c
Dodaars,driejaarlijks,0.974,0.926,1.024,-2.6% (-7.4%; +2.4%),-30% (-70%; +40%),?,niet-lineair,eedc56a3424fba2c8f7546fcea4b84764b3aaa9c,4e5f426e64ff4c9573ee9effe3f284337c23d8b2
Dodaars,jaarlijks,0.975,0.926,1.027,-2% (-7%; +3%),-30% (-70%; +50%),?,niet-lineair,e22fedf64825c6c13f652834766a132d34be13af,b8d49e2b90c1369076d0778009b343639efa20c7
Ekster,driejaarlijks,0.999,0.995,1.003,-0.13% (-0.50%; +0.25%),-2% (-7%; +4%),~,niet-lineair,f8f3c16a63ff385895c277bb7e63587aa37ae3a8,3696a3b8b95d6f2d6e72d362a959638391604849
Ekster,jaarlijks,0.999,0.995,1.003,-0.09% (-0.46%; +0.29%),-1% (-7%; +4%),~,niet-lineair,e5c1609580fe882b71868ca2ea5dea996ba4bb59,d5088e724ae91db8b2579ae7055cb6b091716d79
Fazant,driejaarlijks,0.995,0.991,0.999,-0.51% (-0.92%; -0.09%),-7.3% (-12.9%; -1.3%),-~,niet-lineair,00219e31f9d101a8f655ff147df21b213c55c2d2,ed1f26fe6d353a433db1344a63738e1e9c87072c
Fazant,jaarlijks,0.995,0.991,0.999,-0.48% (-0.89%; -0.06%),-6.9% (-12.5%; -0.9%),-~,niet-lineair,e7975c4958f1688ddf853762b854f66b32c54403,97f9c407f59f552b34e4e3764853dd410a13e488
Fitis,driejaarlijks,0.944,0.929,0.959,-5.6% (-7.1%; -4.1%),-58% (-67%; -47%),--,lineair,97db979225f9dc78db992cec5bfad05f29334d14,cbdcc928fde399e2ea3d53c7e5c4019bd3ec25b9
Fitis,jaarlijks,0.942,0.927,0.957,-5.8% (-7.3%; -4.3%),-59% (-68%; -48%),--,niet-lineair,d294da081a1191e17fa37d7b7c9159c7b4d3e778,f8e4a32ac1b84147aec03ccb5393b4fbf0d7971a
Fuut,driejaarlijks,0.986,0.965,1.007,-1.4% (-3.5%; +0.7%),-19% (-42%; +11%),?-,niet-lineair,54ae33c02f6330c1b17bfbef30a032c11f91237d,56ed3e87d5241e93b810c2e002b0b1ed0f179103
Fuut,jaarlijks,0.986,0.966,1.006,-1.4% (-3.4%; +0.6%),-20% (-40%; +9%),?-,niet-lineair,a026e2d28ea92609928b2f867f77b328d76a18e4,7ff81d70368921b3d95de3f61da296c813dd2178
Gaai,driejaarlijks,0.991,0.983,1,-0.86% (-1.68%; -0.04%),-12% (-22%; -1%),-~,niet-lineair,5c83d0cd4f235a2c8e6d9033056aeaf32d104e03,57ef47822508e8022a66ba03ffe733c8324cd35a
Gaai,jaarlijks,0.993,0.985,1.001,-0.68% (-1.49%; +0.14%),-10% (-20%; +2%),~,niet-lineair,34746a768821e058adc7ec0c8a42906cdc4fcf5d,575b848d22a9f2353a4dde4351443c0a1dd0a26c
Geelgors,driejaarlijks,0.976,0.965,0.987,-2.4% (-3.5%; -1.3%),-31% (-42%; -18%),-,niet-lineair,fcfb938cfe876a2c9186091f88865a6766cbc923,4d367debe0baea57c9f805d900b29b67820c2c3d
Geelgors,jaarlijks,0.976,0.965,0.987,-2.4% (-3.5%; -1.3%),-30% (-41%; -18%),-,niet-lineair,394a6a0dc6f560d37bb7badcc781583e437a4a87,99c949e66f83c2b5804553dbe59d6219bb13db14
Gekraagde roodstaart,driejaarlijks,1.017,0.995,1.039,+1.7% (-0.5%; +3.9%),+28% (-8%; +78%),?+,niet-lineair,bbf6ddfd38c29d5e9bd94c6896107f741bc20251,0d2b93044621b9af534e849d9968e781fe4896c1
Gekraagde roodstaart,jaarlijks,1.016,0.994,1.039,+1.6% (-0.6%; +3.9%),+28% (-8%; +77%),?+,niet-lineair,9bb204456fc975c58005d3dfd778da01ede80cc1,e306493e21ceb13e15094d582443bd1b073db1b7
Gele kwikstaart,driejaarlijks,0.984,0.977,0.991,-1.6% (-2.3%; -0.9%),-21% (-29%; -13%),-,lineair,a9ceec7884cf07f3744cc9222205658f751f2f0a,4561f3b64b8108ebe2607c5f8b1baa6b6adfef5f
Gele kwikstaart,jaarlijks,0.984,0.978,0.991,-1.6% (-2.2%; -0.9%),-21% (-29%; -12%),-,niet-lineair,a82d75c1bda1aa5463387829f1c01fe8076b561e,4d04cb143aef7630c30191a4d66ba9b363f3bdf7
Gierzwaluw,driejaarlijks,1.009,0.988,1.032,+0.9% (-1.2%; +3.2%),+15% (-17%; +59%),?+,niet-lineair,d6f92d197bbb3f8cee19c93081c7da8743830980,5d6b5caeea27fa2ea8c44a94146af09c05b9abf6
Gierzwaluw,jaarlijks,1.008,0.986,1.03,+0.8% (-1.4%; +3.0%),+12% (-19%; +55%),?+,niet-lineair,b778c9c94eecc1e7f839f373a9e5165d89b18942,00580d2e60dd681702e843e7dfca310bd8149eda
Glanskop,driejaarlijks,1.007,0.973,1.043,+0.7% (-2.7%; +4.3%),+10% (-30%; +90%),?,niet-lineair,e6c076df45ea23777dcdc937536f5e132be00a44,8b4ddccdef7f24ca9f7b18b0972c01ac7c8782b0
Glanskop,jaarlijks,1.009,0.974,1.045,+0.9% (-2.6%; +4.5%),+10% (-30%; +90%),?,mogelijk niet-lineair,e108a028dc11a30dfae625a547c8e6129f33abcb,626b1ab4ee7a14a3b4d959e1249dfb11920eb456
Goudhaan,driejaarlijks,0.977,0.962,0.993,-2.3% (-3.8%; -0.7%),-29% (-44%; -10%),-,niet-lineair,eb3ff393c397688a203415c1d1985241315e5b1e,42d75380b5cd83fd35158d79da3ee792307c6dcd
Goudhaan,jaarlijks,0.978,0.963,0.994,-2.2% (-3.7%; -0.6%),-28% (-44%; -9%),-,niet-lineair,5f37ff3f821f0fba13d29245f6fbf072dcb8de37,6f4b6f4b40e4f5fd07adabcd6f137d9b0fcbc558
Grasmus,driejaarlijks,1.02,1.013,1.027,+2.0% (+1.3%; +2.7%),+34% (+21%; +48%),+,niet-lineair,165ec3da3c76d9ab9feac1cf4bf431ee680e061b,6a28ef1b3cd313752a29da5fa3535a1ef3890c7f
Grasmus,jaarlijks,1.02,1.013,1.027,+2.0% (+1.3%; +2.7%),+34% (+22%; +49%),+,niet-lineair,715904193bb53afa7e425dbd7381fff8cacd8d6c,db49ff1132458c4c990f9959b59771155aea885a
Graspieper,driejaarlijks,0.979,0.969,0.989,-2.1% (-3.1%; -1.1%),-27% (-38%; -15%),-,niet-lineair,26b3e3dd7e51021f9b17e820b154259ab50fa4be,72f968a51b4d5923dc698a61579a052c34fa593d
Graspieper,jaarlijks,0.981,0.971,0.991,-1.9% (-2.9%; -0.9%),-25% (-36%; -13%),-,niet-lineair,3eef65babfcf7578c161b341b0333a4f0cafec10,43c6af5da452922bf7fec4e4eb13b767109f5ae7
Grauwe gans,driejaarlijks,1.017,0.99,1.045,+1.7% (-1.0%; +4.5%),+30% (-10%; +90%),?+,niet-lineair,bdd6680bc224b988086d2bbb7481455c9b3edbed,7eb792fa6b064537d69d3ce32803d9f2fd88708d
Grauwe gans,jaarlijks,1.02,0.993,1.048,+2.0% (-0.7%; +4.8%),+34% (-11%; +102%),?+,niet-lineair,9650969380e25fd289eaf2c6e3d0871c3c28459a,52c4bea09b760464b4df84dbe8057acd94e39ee1
Groene specht,driejaarlijks,0.993,0.987,0.998,-0.73% (-1.30%; -0.15%),-10.4% (-17.8%; -2.3%),-~,niet-lineair,4f0a13c1886638f09902958ebb212650fd1b8158,4ec6604c92801b27a837c486451c0e13b3f7f1b2
Groene specht,jaarlijks,0.993,0.988,0.999,-0.68% (-1.24%; -0.10%),-9.7% (-17.1%; -1.5%),-~,niet-lineair,6c42bda94818696dedb399f7f718ffe0df2bd5ee,9a405c781122e01bc0fdd650507667dc95237682
Groenling,driejaarlijks,0.988,0.981,0.996,-1.16% (-1.88%; -0.44%),-16% (-25%; -6%),-~,niet-lineair,6c41f2a43723f3d1dbd1175f2d1d0d615efaa675,6a4cdbc40c0d1004e08adf78fb19e9698f976ad3
Groenling,jaarlijks,0.989,0.982,0.997,-1.06% (-1.78%; -0.35%),-15% (-24%; -5%),-~,niet-lineair,59f5c495db499e4373fdf46e74948d12c39a48d8,54a392b9792fcb9bab879c044874f2bad648010b
Grote bonte specht,driejaarlijks,1.024,1.017,1.031,+2.4% (+1.7%; +3.1%),+43% (+28%; +59%),+,lineair,d92b00f5e9e57f595f97fe4c80c8671e813ce2ba,74a4bc08046f41eecf5eba3ed2ee02fa93ecf64a
Grote bonte specht,jaarlijks,1.025,1.017,1.032,+2.5% (+1.7%; +3.2%),+44% (+30%; +60%),+,mogelijk niet-lineair,1699e99ff6355eef9661a773f375636decabb030,990ebbf6bbc8a228049b34591f8245b7c31d397b
Grote lijster,driejaarlijks,0.925,0.908,0.941,-7.5% (-9.2%; -5.9%),-69% (-76%; -60%),--,lineair,291c86fa56d6b0a2a1586f4a440ce9ce96521a2e,cca007dbfdab4113b41f9619cbd235e9be8da128
Grote lijster,jaarlijks,0.923,0.907,0.94,-7.7% (-9.3%; -6.0%),-70% (-77%; -60%),--,niet-lineair,2935d55b3a4cdc3449e901ff03467edc1c916107,57fdf8218296b3d7181ba39c9007cfdde16fffa2
Grutto,driejaarlijks,0.964,0.95,0.979,-3.6% (-5.0%; -2.1%),-42% (-54%; -28%),--,niet-lineair,860db3f84529514dbe4158ba73665fd913ba5d91,bd93b48b8f46c09a32bec375fdcef73ee01bf8ac
Grutto,jaarlijks,0.965,0.951,0.979,-3.5% (-4.9%; -2.1%),-41% (-53%; -27%),--,niet-lineair,3371188f4108a5358bea1228b704013ac95a6293,0ae421bd24af4d1d5cb28d39fe92d19716603919
Halsbandparkiet,driejaarlijks,1.082,1.043,1.122,+8.18% (+4.28%; +12.23%),+230% (+90%; +460%),++,lineair,bad8897e75519d10046aab267f104782349928a3,23b5f2385025839b7515f60e604a8d2f83c45294
Halsbandparkiet,jaarlijks,1.078,1.041,1.117,+7.84% (+4.10%; +11.73%),+210% (+80%; +430%),++,niet-lineair,18824a0eada5856f58517ec9939fd84a008dda28,f02446d84cdc6e5f5c59f29187042fa030f75a11
Havik,driejaarlijks,0.952,0.926,0.978,-4.8% (-7.4%; -2.2%),-52% (-68%; -28%),--,niet-lineair,8bc3c3938580c15c3bebb850769db8c6fdce4a68,1c07ba25655d14d7858cbeabde1eda614e6a0772
Havik,jaarlijks,0.949,0.924,0.976,-5.1% (-7.6%; -2.4%),-54% (-69%; -31%),--,mogelijk niet-lineair,adb5004eaacc1274a885f2c9003bc1c43d52ae61,758fcf246522f6f051a061c93dae74e9fa02e606
Heggenmus,driejaarlijks,0.982,0.978,0.987,-1.75% (-2.18%; -1.33%),-23% (-28%; -18%),-,lineair,9de173f87e75fdcf4cf4d73274be57cbe0538a90,fbd6215afd3bee64a764ef4dcff5b810d061f1c4
Heggenmus,jaarlijks,0.983,0.979,0.987,-1.71% (-2.13%; -1.28%),-22.7% (-27.6%; -17.6%),-,niet-lineair,f1cfe4ca8081c0468f81125ab9e7c263992a6f16,85b034c2a6492c745a60237a2c7f2402abbf41ae
Holenduif,driejaarlijks,0.99,0.985,0.996,-0.95% (-1.50%; -0.40%),-13% (-20%; -6%),-~,lineair,7b04c1b0af4c0331eaaa853c194605dd0aeee265,42eed4b09b45254efb369ad277cbb4003d06e81d
Holenduif,jaarlijks,0.99,0.985,0.996,-1.00% (-1.55%; -0.45%),-14% (-21%; -7%),-~,niet-lineair,bf8f75dcc48870dc3b48b73e47f87d034916c0b7,bafd40d0e45bd6fdcefb705c0c43dd02c78314f6
Houtduif,driejaarlijks,1.003,1,1.005,+0.26% (+0.02%; +0.49%),+3.9% (+0.4%; +7.6%),+~,niet-lineair,2689e97bfe0617dd5d458ce4cff8b9b4124555bc,9663f12685c34f50792b05a12e8dd746e9f08a43
Houtduif,jaarlijks,1.003,1,1.005,+0.25% (+0.02%; +0.48%),+3.8% (+0.3%; +7.5%),+~,niet-lineair,d62f79b77438c45c888ed8c5fdd5bfa91c7f04f0,17e33ef106e9589b6f6a63f74632b459b5b06cc1
Huismus,driejaarlijks,0.976,0.972,0.98,-2.41% (-2.78%; -2.04%),-30.6% (-34.5%; -26.6%),--,niet-lineair,f1d41716639b1303452239dd3708d4ab345393c4,fa32f1fbfb68dabc60d4a22e8fe452030b0e281e
Huismus,jaarlijks,0.976,0.973,0.98,-2.37% (-2.74%; -2.00%),-30.2% (-34.1%; -26.1%),--,niet-lineair,1c5f73b0ba518220e82a95c4a4a16cda5ccd1edb,519bdbb093cb217acbde8888ab73fcfff398c217
Huiszwaluw,driejaarlijks,1.008,0.979,1.038,+0.8% (-2.1%; +3.8%),+10% (-30%; +80%),?,lineair,96e17850dc27227665036be580c68fe05d14a80c,5a85952175d01739b27dff834a4c1a7d1082fe3d
Huiszwaluw,jaarlijks,1.003,0.974,1.033,+0.3% (-2.6%; +3.3%),+5% (-32%; +63%),?,mogelijk niet-lineair,462d00322f203f266f0ecbf93487643d14e19237,894c0768ef9a7d66d67d017374bb7ab2042705b5
Kauw,driejaarlijks,1.054,1.05,1.059,+5.44% (+4.98%; +5.90%),+121.3% (+107.3%; +136.2%),++,niet-lineair,451b63e2577a8de3ad5b646841c238dd3cd39e92,8bdc5ca36bd504f6416b45a23f2e552d32e38e1b
Kauw,jaarlijks,1.054,1.05,1.059,+5.43% (+4.97%; +5.89%),+121.1% (+107.0%; +135.8%),++,niet-lineair,1df0ca5ff9ca75f656bd8d46d278dfe6fdda8529,8c2173609d2fa5d0985188168e59683e51fa90a6
Kievit,driejaarlijks,0.916,0.911,0.922,-8.4% (-8.9%; -7.8%),-73.0% (-75.4%; -70.4%),--,lineair,f5269811a06bec5381a9a263ee8374f7bbd39324,afce5d5d8bbb06d1b2ad77acb77862512a7070f9
Kievit,jaarlijks,0.917,0.911,0.922,-8.3% (-8.9%; -7.8%),-72.8% (-75.2%; -70.2%),--,niet-lineair,16cf88ec9072a50b02a225e2dcc4e81251414845,60303efc9c0b8923fb28a58701537c33c42a6752
Kleine karekiet,driejaarlijks,1.003,0.992,1.015,+0.34% (-0.83%; +1.52%),+5% (-12%; +25%),~,niet-lineair,2816305fde2bcc5f763b2ca32919f0d13d90208f,0b4389c6b962318793f125916989afc19cd14299
Kleine karekiet,jaarlijks,1.003,0.991,1.014,+0.27% (-0.89%; +1.44%),+4% (-12%; +24%),~,niet-lineair,666fd023e60ec5f4c0c70ae9b38049cfd8bd7f99,b2b85f00d4281fb3e39b2a3faed1316220a59967
Kleine mantelmeeuw,driejaarlijks,1.134,1.078,1.192,+13.4% (+7.8%; +19.2%),+560% (+210%; +1300%),++,niet-lineair,407fe463153df18fdbef272099d0a646f8adcb7b,502310dbf2a27a8fd1d3624b8b708e10c72301d0
Kleine mantelmeeuw,jaarlijks,1.139,1.084,1.197,+13.9% (+8.4%; +19.7%),+610% (+240%; +1390%),++,niet-lineair,2b7b01af0bdb774de279e2a9ac17c43f8ed31565,3b3ff5ed1a162e72c719cc41ac9ab651b294d7d2
Kneu,driejaarlijks,1.015,1.003,1.027,+1.5% (+0.3%; +2.7%),+25% (+4%; +50%),+,niet-lineair,099d3d706c6908d40b91d6a602dd087a2c5e1709,f9d741df429e1acc703cd2240059d905046435e6
Kneu,jaarlijks,1.015,1.003,1.027,+1.5% (+0.3%; +2.7%),+25% (+5%; +50%),+,niet-lineair,c593fe4176284d70a0ec2198c6906b20edc27306,2dda43e7887001761986af82d3a7823cf73332f2
Knobbelzwaan,driejaarlijks,1.068,1.041,1.095,+6.8% (+4.1%; +9.5%),+170% (+80%; +290%),++,niet-lineair,d68da70b5f0079987a9f39a2f6e92321c3d31831,c06638098718dc7f37ea37143018d7c222a53eb9
Knobbelzwaan,jaarlijks,1.069,1.042,1.096,+6.9% (+4.2%; +9.6%),+170% (+90%; +300%),++,niet-lineair,10cab4607db959ab90df1e5cf6c4670ea12f14c7,111a49d6ce6fd0e15a0d454e46f1708be2440e3e
Koekoek,driejaarlijks,0.986,0.973,0.999,-1.4% (-2.7%; -0.1%),-19% (-33%; -2%),-,lineair,f1156a51b52eb36f32749629647c604442fb4e4c,e7dc3e250d372c66f12b74d77b2c0645417b66fd
Koekoek,jaarlijks,0.986,0.974,0.999,-1.4% (-2.6%; -0.1%),-18% (-33%; -1%),-,lineair,fb9c712c23c4ec049e862681fa0a9268c2ad22ce,d2c9fe609fce7973a52c2bcd1bb4cd407e1a388f
Kokmeeuw,driejaarlijks,1.046,0.997,1.096,+4.6% (-0.3%; +9.6%),+100% (-0%; +300%),?+,niet-lineair,93fda5c3b501f58a87a690c9005b72ff7954cd35,82e09028cd9c9931c66795bbed62cf1710fa07cc
Kokmeeuw,jaarlijks,1.042,0.993,1.094,+4% (-1%; +9%),+90% (-10%; +280%),?+,niet-lineair,deac59710af69e29b35103b52282025036a07afd,0c37ed06ea85e4101f63f7704ba95d31dcade19a
Koolmees,driejaarlijks,0.992,0.989,0.995,-0.817% (-1.130%; -0.502%),-11.57% (-15.68%; -7.27%),-~,niet-lineair,78847191a1b73ebd7567f884c2a0c7690e0c4820,decba40e87af2e21c919b9a738450bf4f770c433
Koolmees,jaarlijks,0.992,0.989,0.995,-0.777% (-1.084%; -0.459%),-11.04% (-15.08%; -6.67%),-~,niet-lineair,3c62c6ef07244000107a9ed567e05eabb59a1555,78983270c334ccc499a3b85f79c4c1f1ba3ae8f6
Krakeend,driejaarlijks,1.096,1.047,1.147,+9.6% (+4.7%; +14.7%),+290% (+100%; +680%),++,niet-lineair,15516296dfbd2a5bcd8b62ac08f98dce862f1f09,70c7b1fa05e1536877a1a7d499292e95ddeabdac
Krakeend,jaarlijks,1.1,1.052,1.151,+10.02% (+5.20%; +15.06%),+320% (+110%; +720%),++,lineair,45b498f30ca956fc7207b938820eae6f33211678,6853859f990c2d2190f1996cef092e8708300882
Kuifeend,driejaarlijks,1.03,0.99,1.072,+3.0% (-1.0%; +7.2%),+56% (-14%; +184%),?+,niet-lineair,2f66e9b516120a4c3e64c2978efdfc6224f07ab3,6cbe2b6f9df4d5bb900fb1dbe607994ff893132a
Kuifeend,jaarlijks,1.032,0.992,1.074,+3.2% (-0.8%; +7.4%),+61% (-11%; +191%),?+,niet-lineair,f765fb0970a189fd631d72740a98fb69c2633869,42656b4c759c3a96cda6575dce704299ec1eadf4
Kuifmees,driejaarlijks,0.977,0.963,0.992,-2.3% (-3.7%; -0.8%),-29% (-43%; -11%),-,niet-lineair,f38919ce7ca96146599ae5c0e490dedb6b4fdd2b,7dbaecc3dc9d01875bab14b45f5de0ab3c21e469
Kuifmees,jaarlijks,0.981,0.966,0.996,-1.9% (-3.4%; -0.4%),-25% (-40%; -6%),-,niet-lineair,a5176fb6678b8f1de5f326699caa6d191acff1b7,67dc0917a7effbd3756b5dff2cc806fa785b1dad
Matkop,driejaarlijks,0.939,0.893,0.988,-6.09% (-10.71%; -1.24%),-61% (-82%; -17%),-,mogelijk niet-lineair,c41124db230f66b1c0ab767aad18d4f7cc791eb2,21fb7c9deb97edfdff4b907dc248d0fab61079e2
Matkop,jaarlijks,0.941,0.894,0.99,-5.89% (-10.55%; -0.99%),-60% (-81%; -14%),-,mogelijk niet-lineair,f3f0b7613e5501dda93c73d6d0ac93f006542e1e,172b2d5456fe9c7399dd0efcdb1799a41aa6b41f
Meerkoet,driejaarlijks,1.035,1.021,1.049,+3.5% (+2.1%; +4.9%),+67.6% (+36.6%; +105.5%),++,lineair,73a69607d09650b78485bedf052e56ffa8659c89,64648c2fbda3ade26b379901e41aecc933463d30
Meerkoet,jaarlijks,1.034,1.02,1.048,+3.4% (+2.0%; +4.8%),+65.8% (+35.2%; +103.0%),++,lineair,594e52e25f8e9069907165d780d34f89ab4819df,c80c143ba0a41ad893c99334651e61df66e14687
Merel,driejaarlijks,0.962,0.96,0.964,-3.81% (-4.03%; -3.59%),-44.1% (-46.0%; -42.2%),--,niet-lineair,1fa838f5f271d5fc26254bd273a9b2d08b490966,6236bc2ccad0630a4fab066cef9a8e8bac4accdb
Merel,jaarlijks,0.962,0.96,0.965,-3.76% (-3.97%; -3.54%),-43.7% (-45.5%; -41.7%),--,niet-lineair,6e766f98cc999071203eb980aa8b676c538e8f66,daf92476c2473f933237335c69af96eeaa0f2d38
Middelste Bonte Specht,driejaarlijks,1.01,0.98,1.041,+1.0% (-2.0%; +4.1%),+20% (-30%; +80%),?,mogelijk niet-lineair,4da05133192ea8b72facc8c3f647b34d3c8aad98,5faacab79a6c056f8bcb9ba0bbc296cde924dfbd
Middelste Bonte Specht,jaarlijks,1.012,0.982,1.043,+1.2% (-1.8%; +4.3%),+20% (-20%; +90%),?+,niet-lineair,80db8c40bdfa2880829b1c21b9fa6be55b5271a1,8fc8f512afd6c66d8ad71765d8d36d441bf854e1
Nachtegaal,driejaarlijks,0.991,0.968,1.015,-0.9% (-3.2%; +1.5%),-13% (-39%; +25%),?-,lineair,0312127955439b4580b7a6c9e31962af9bf96cd7,0a250ac07c1d38dcf6d3d1520dfcb7a3f1889e91
Nachtegaal,jaarlijks,0.993,0.969,1.017,-0.7% (-3.1%; +1.7%),-10% (-37%; +29%),?-,niet-lineair,40cf806957a083b1244f090acbedb3b5786b52ed,88e883195025b71de1c159809a51b7e3a41f6362
Nijlgans,driejaarlijks,1.027,1.014,1.04,+2.7% (+1.4%; +4.0%),+48% (+23%; +80%),+,niet-lineair,1e102d8fb8169d40093a64093274d73bebe74ea6,9319288209ddb7451a22af5c69f60a18c6c8fde2
Nijlgans,jaarlijks,1.024,1.011,1.037,+2.4% (+1.1%; +3.7%),+43% (+18%; +73%),+,lineair,6d850ffdc84fe6e4d9b9f94de334028672be5112,bd16052c21bf1f6f8b2ca74e75d4f29202173f03
Patrijs,driejaarlijks,0.957,0.945,0.969,-4.3% (-5.5%; -3.1%),-48% (-57%; -38%),--,niet-lineair,713eb176b2d015fb6cdda64033b299fde62b6bad,eea9fd64f2a0778dea2d5a4103553df9110dcdc7
Patrijs,jaarlijks,0.958,0.946,0.97,-4.2% (-5.4%; -3.0%),-47% (-56%; -37%),--,niet-lineair,716133e80718e07f7a8da314de0e3fcaa0d109d5,a3257a719d5f089899ccc96155afa1086a05b6eb
Pimpelmees,driejaarlijks,1.01,1.005,1.015,+1.032% (+0.538%; +1.532%),+17% (+8%; +26%),+~,lineair,0a6e14ab1d54d65483512198015dc7e5e3b82b4d,6635fbd016a6bbcce4edc3d7a1acca502492c263
Pimpelmees,jaarlijks,1.011,1.006,1.016,+1.116% (+0.622%; +1.613%),+18% (+10%; +27%),+~,lineair,1e498ed982968dc5a60444a00bd46c7dae624eaa,80b7cc540d6d1dea845d9d1f6a6a280c07bdbcdf
Putter,driejaarlijks,1.123,1.091,1.155,+12.27% (+9.10%; +15.53%),+470% (+270%; +770%),++,niet-lineair,2fc5de6b3613d09fa8999d929234bedff31313ba,6bad946499811fe545e29a5c8b060b5919a30504
Putter,jaarlijks,1.124,1.092,1.157,+12.41% (+9.20%; +15.73%),+480% (+270%; +790%),++,niet-lineair,d24f1038d81955d2ce156c691360fb54cd8b5c7e,62b4c11676bce83200d1c249e23ebaddefcc975b
Rietgors,driejaarlijks,0.995,0.977,1.012,-0.5% (-2.3%; +1.2%),-8% (-29%; +20%),?-,niet-lineair,d682cbffd84997e09129a9362925a2a804b69d75,68e3aaee5931781c42bcb8ea53bab36f28e451fb
Rietgors,jaarlijks,0.994,0.977,1.012,-0.6% (-2.3%; +1.2%),-8% (-29%; +20%),?-,lineair,2c7ccc4f80f587f1a119754225b1efaa60a8a16e,a4411d7a9212ac5448306037ab2a7b347aa85df5
Rietzanger,driejaarlijks,1.008,0.994,1.022,+0.8% (-0.6%; +2.2%),+13% (-8%; +38%),?+,mogelijk niet-lineair,91c85c04698fd450870c0af0c95fc3687198a50e,3a9809bed102ffc8bdcdd4ef3134984cf4a4f085
Rietzanger,jaarlijks,1.009,0.995,1.022,+0.9% (-0.5%; +2.2%),+14% (-7%; +39%),?+,niet-lineair,ffe8067904d780caca8fad118525f6faac0ed45f,31fb04eea76e076df34a8c8a8a8bfb55bc1df095
Ringmus,driejaarlijks,0.943,0.929,0.957,-5.7% (-7.1%; -4.3%),-59% (-67%; -48%),--,lineair,8018333c06c02f948cab9fe5cbfa7ddb5346af3a,a94e412a21290c96b1e4f4b962c94d327d6b5c10
Ringmus,jaarlijks,0.943,0.929,0.957,-5.7% (-7.1%; -4.3%),-59% (-67%; -48%),--,niet-lineair,5e6be0b7a322e20563148a3b75eed8ab9c1c36d4,ea0d10cb52d05a12ec96ea168dd90ea49df88f4b
Roek,driejaarlijks,1.112,1.078,1.148,+11.23% (+7.82%; +14.75%),+390% (+210%; +690%),++,mogelijk niet-lineair,ff24c8ea3b52cf97e6b295919ca27706d22e384b,bd98dc7c7ac5bbc2684d805ede1f2286c93dca22
Roek,jaarlijks,1.118,1.083,1.153,+11.75% (+8.27%; +15.33%),+430% (+230%; +750%),++,niet-lineair,51746e9cdd7e85e481386cb6b506d467c16ef118,0fdd582da3277bf681de36bddd31dd312545ec02
Roodborst,driejaarlijks,1.024,1.019,1.029,+2.4% (+1.9%; +2.9%),+42% (+32%; +54%),+,niet-lineair,37568bb64a00ac8eac14fadfbaa07befd52dc431,4fd855838ead25a9745a74d15718711c549782fe
Roodborst,jaarlijks,1.024,1.019,1.03,+2.4% (+1.9%; +3.0%),+44% (+33%; +55%),+,niet-lineair,824b37ac05bf0f2ec6ed6db9ea0b8869097f2390,6b4f1be7e1ec7e9aef6d51b514ea38679759c133
Roodborsttapuit,driejaarlijks,1.041,1.025,1.057,+4.1% (+2.5%; +5.7%),+81.6% (+44.1%; +128.8%),++,niet-lineair,83957bc3b5b22f1006913574e24755b62b8511c4,403c0f3023c130ddd7443d2548dccc67c9019d0b
Roodborsttapuit,jaarlijks,1.041,1.026,1.058,+4.1% (+2.6%; +5.8%),+83.9% (+45.9%; +131.6%),++,niet-lineair,05bccfc9a5c17265a57702c61d295d15a45313c9,f2d61c51e84d025f5538b298a07b979baeb5f623
Scholekster,driejaarlijks,0.989,0.98,0.998,-1.06% (-1.95%; -0.16%),-15% (-26%; -2%),-,niet-lineair,e8c3f885045a5b1ff151a63dac433a552e7e5f26,ffbf1abf7f9e8c628fe78b9462ed23b104b8efce
Scholekster,jaarlijks,0.988,0.979,0.997,-1.2% (-2.1%; -0.3%),-16% (-27%; -4%),-,niet-lineair,a54909d6d87ce083a9711abdf7a57d2352a7df53,8f2c52778c046c7f953bf50091fa5720c6d935f2
Sperwer,driejaarlijks,1.031,1.004,1.06,+3.1% (+0.4%; +6.0%),+59% (+6%; +139%),+,niet-lineair,8165ed1a8e444a679ac45b3cddb7cbe288273c7d,9272928c21a6e307256b05eed1ff69403cbff68a
Sperwer,jaarlijks,1.028,1.001,1.057,+2.8% (+0.1%; +5.7%),+52% (+1%; +129%),+,niet-lineair,8b287342d84fd88eb16043496f3d5c30f4b820fc,656689156fcbf4f796caddbccd83082015734f1a
Spotvogel,driejaarlijks,0.981,0.95,1.013,-1.9% (-5.0%; +1.3%),-25% (-53%; +22%),?-,niet-lineair,613ad923533299afd8ed60217868db6c38c01a49,76a07ab359187ff6d6b9b51df5fd1f4bdb34cd8b
Spotvogel,jaarlijks,0.985,0.954,1.016,-1.5% (-4.6%; +1.6%),-21% (-51%; +28%),?-,niet-lineair,342382a5b2402fc843011b7cbba3366ecacf92e2,67d3468c02a0a10c0ce6f23fa87c81b44041c6a9
Spreeuw,driejaarlijks,0.977,0.971,0.983,-2.3% (-2.9%; -1.7%),-29% (-35%; -23%),-,lineair,e90382a2ab6b3a48f103b388bfccf519ba697088,5e1a14027a14a88ece0039f52b5fb62e6dbf3199
Spreeuw,jaarlijks,0.977,0.971,0.983,-2.3% (-2.9%; -1.7%),-30% (-36%; -23%),-,lineair,f5859f6e2858a3761cca8ae14165476b5fe78d43,d3350941025380795e390af453b4905e954143f5
Sprinkhaanzanger,driejaarlijks,0.909,0.879,0.94,-9.15% (-12.15%; -6.05%),-76% (-86%; -61%),--,lineair,a5d46f004e60dae27272ad4d5e73cd4595ea8b70,2cf5b772ab39cf2d2624a3c457143a613de5e188
Sprinkhaanzanger,jaarlijks,0.914,0.885,0.944,-8.59% (-11.53%; -5.55%),-74% (-84%; -58%),--,lineair,7de91e719b3776266f3897add39501494316d42c,5028541633308cee921b7ee46f1337ae973d5071
Staartmees,driejaarlijks,0.989,0.966,1.012,-1.1% (-3.4%; +1.2%),-16% (-41%; +20%),?-,niet-lineair,ca3459b06abc6cf5df054b6f2ae9b34063c6422b,5283d4473a14d647f78ab146258c110252b83bcb
Staartmees,jaarlijks,0.991,0.968,1.014,-0.9% (-3.2%; +1.4%),-13% (-39%; +23%),?-,niet-lineair,cc6bb803d8ec61ff5d2bf01e3f381740f832df5d,11a7f54b07ea5630530a065211d90ba4294ea5c4
Stadsduif,driejaarlijks,0.943,0.919,0.968,-5.7% (-8.1%; -3.2%),-58% (-72%; -38%),--,niet-lineair,31dba93697fd6f7c972b3cc5f6b12e2ab2ca0f42,2011ae0b9ff11c2bdc4e7e494c3cd1eb5739c7b3
Stadsduif,jaarlijks,0.946,0.922,0.971,-5.4% (-7.8%; -2.9%),-56% (-70%; -36%),--,niet-lineair,ee84637deb60444d7d78c13ed4b43ce8317de936,65cf6aea9509d27107ddf5a520db5cf72899f7d4
Tafeleend,driejaarlijks,1.023,0.986,1.061,+2.3% (-1.4%; +6.1%),+40% (-19%; +144%),?+,niet-lineair,951a137962a8e9396400a07701609a7a45d23a0c,a8a2764e5c8eecc77552546032bd6b0b8cacd35f
Tafeleend,jaarlijks,1.026,0.987,1.067,+2.6% (-1.3%; +6.7%),+48% (-18%; +166%),?+,niet-lineair,cbe568666381228bafc048cb927eb337b71426a3,6308e2c8d84a28be1297d7c5cc010114c678033f
Tjiftjaf,driejaarlijks,1.009,1.006,1.013,+0.948% (+0.615%; +1.281%),+15% (+10%; +21%),+~,niet-lineair,4a084499c119e100aa8d1ddf5769775d92704675,1ecab0041643afcd62960c9531ea07b7e904f655
Tjiftjaf,jaarlijks,1.01,1.007,1.013,+1.005% (+0.672%; +1.329%),+16% (+11%; +22%),+~,niet-lineair,1f6c0f41e72a4c991a2876fbb881732e90028690,d6946449886c47d85a410cda546d9fb9f3f2003f
Torenvalk,driejaarlijks,1.019,1.006,1.033,+1.9% (+0.6%; +3.3%),+33% (+9%; +62%),+,niet-lineair,5ef5ef8dac7648cb6b6762db7265223c5b1d4daf,f29ae7092d0dc816cd4cf6747db3a6acedbf0972
Torenvalk,jaarlijks,1.021,1.007,1.034,+2.1% (+0.7%; +3.4%),+36% (+11%; +66%),+,niet-lineair,e9a5b3fe3a86541ad1b84a58838b728eeaf4ff81,e1f700773d394bab4bf3a26ccde71c26b290fbc0
Tuinfluiter,driejaarlijks,0.948,0.933,0.963,-5.2% (-6.7%; -3.7%),-55% (-65%; -43%),--,lineair,0e87cc01d2d53927ee8ba8bffa6098f3e09fbfbf,8829ba703e17e04f0df340751f93910fec325e9e
Tuinfluiter,jaarlijks,0.947,0.932,0.963,-5.3% (-6.8%; -3.7%),-56% (-65%; -44%),--,niet-lineair,bdc4d19d1d0663ba68eb3f31aff78a5d06c0a796,0531461fe30314df2cc395580ba59b6d5ff44c71
Turkse tortel,driejaarlijks,0.982,0.979,0.985,-1.81% (-2.13%; -1.49%),-24.0% (-27.6%; -20.1%),-,niet-lineair,a439fb3ae6b8f0bed86706f7fe6937ba5829adb6,01c52ca5ab3cffd9fb6c41990f662d8a3ac3bddc
Turkse tortel,jaarlijks,0.982,0.979,0.986,-1.77% (-2.10%; -1.45%),-23.5% (-27.2%; -19.7%),-,niet-lineair,28da338bd6576ec75370baadd96cedcf148afcba,7572b405f37df2655876de7df4a7adf860ba07b0
Veldleeuwerik,driejaarlijks,0.975,0.969,0.98,-2.5% (-3.1%; -2.0%),-32% (-37%; -26%),--,lineair,1ef3ded7afe313b661ee23405bb33b59aedd1e1b,b49a8369ee934e735b688a76dfceb698596786cb
Veldleeuwerik,jaarlijks,0.975,0.969,0.98,-2.5% (-3.1%; -2.0%),-32% (-37%; -26%),--,niet-lineair,9ff109bce59bb5500e141df00ca6e04cf31b7d03,aed6097c3452b908593b7dbc50af08f3871a1033
Vink,driejaarlijks,1.01,1.007,1.012,+0.961% (+0.692%; +1.231%),+15.4% (+10.9%; +20.1%),+~,lineair,181081d8c96a27f3200f4778508c923cfd5a4fbb,b3e732f9d5ef56c32a458525d7d476168db34df2
Vink,jaarlijks,1.01,1.007,1.012,+0.985% (+0.713%; +1.248%),+15.8% (+11.2%; +20.4%),+~,niet-lineair,9dd1f5e423e081734d4e905f690e20b9ccc148ad,8f2cb9a43320f58afc5f91111b8637e2a60e2463
Waterhoen,driejaarlijks,0.972,0.963,0.981,-2.8% (-3.7%; -1.9%),-35% (-43%; -26%),--,niet-lineair,4d26d00e8195ffebbf844c421bf73a727beea793,f83ca606a44b077f37cba3bed5d0ac155005ae86
Waterhoen,jaarlijks,0.972,0.964,0.981,-2.8% (-3.6%; -1.9%),-34% (-43%; -25%),--,niet-lineair,4d6de9346ababfd148d1d8a0f3086d8a718df78b,87f9e5b9eacd5a759e15dafa0f6b99670a435a07
Wielewaal,driejaarlijks,0.946,0.915,0.979,-5.4% (-8.5%; -2.1%),-56% (-74%; -27%),--,niet-lineair,b3fe8bcdfd79dcc31128af2a94d93827faf7f941,32eff00744d9bf9eb5674338e1d71a6848ffcd90
Wielewaal,jaarlijks,0.945,0.914,0.978,-5.5% (-8.6%; -2.2%),-57% (-74%; -29%),--,niet-lineair,a42824de08b3a87abea74698cd2e3583601a753f,a978acddf21dd10f66875402dfbc47319c6d6ecb
Wilde eend,driejaarlijks,0.975,0.968,0.981,-2.5% (-3.2%; -1.9%),-32% (-38%; -25%),--,lineair,9fd30f36a2cef5739ce10c91745d53aa18e5b279,aa95f8693b3166c70d62524032300d509c6d33fd
Wilde eend,jaarlijks,0.975,0.969,0.981,-2.5% (-3.1%; -1.9%),-32% (-38%; -25%),-,niet-lineair,f6fb097e85ef99d3fd3003ec0e63b57e2cb5ec46,e0d131d83409a2ff7baf95b0c2d74e24774f108e
Winterkoning,driejaarlijks,0.99,0.988,0.993,-0.992% (-1.249%; -0.737%),-13.89% (-17.18%; -10.51%),-~,niet-lineair,71de8a3634dce61cbcb48ddc98a3cae0cc568d77,72f817e2617f4a3f7558206969299be53405af3e
Winterkoning,jaarlijks,0.991,0.988,0.994,-0.896% (-1.153%; -0.648%),-12.63% (-15.97%; -9.29%),-~,niet-lineair,bba560d65ad03c39bacac35052c7f8baba175569,48f1c6feccf5d0823271423d4a6fb21741281dc3
Witte kwikstaart,driejaarlijks,1.017,1.01,1.024,+1.7% (+1.0%; +2.4%),+29% (+16%; +42%),+,niet-lineair,aa2a645edb15b591ceee3f50b2f7757f0e289499,67a71757712974a6e6c376ffb487deb4751f3c98
Witte kwikstaart,jaarlijks,1.017,1.01,1.023,+1.7% (+1.0%; +2.3%),+28% (+16%; +42%),+,niet-lineair,f96c097fefc87d15d733a9e8c45c8b76b3aafa80,de019eab64feba475717cd78885f2884906fb58e
Wulp,driejaarlijks,0.983,0.966,1,-1.7% (-3.4%; -0.0%),-23% (-41%; -0%),-,niet-lineair,7a396e5e05693af6934968c811e113597d222e7f,5bf6599afdb2b8e3914a533a8338fb85eedd65e2
Wulp,jaarlijks,0.985,0.968,1.002,-1.5% (-3.2%; +0.2%),-21% (-39%; +2%),?-,niet-lineair,7d85c086e546bb1aee968444371ef7eaff6a7c79,a05b4009986af9f49e202d19a42af47127d671c5
Zanglijster,driejaarlijks,0.967,0.962,0.972,-3.30% (-3.79%; -2.82%),-39.6% (-44.0%; -34.9%),--,niet-lineair,68a53218105ff1db41e322513e2173dd28f8e634,366c9306fb5c9326a24af8f5f633ec544c5639b8
Zanglijster,jaarlijks,0.968,0.963,0.973,-3.20% (-3.68%; -2.71%),-38.6% (-43.0%; -33.8%),--,niet-lineair,d5c76f405a06aa546287168e2bbe2a7041a04419,a05124542a1c98c891671c1266e541b5126e3485
Zilvermeeuw,driejaarlijks,0.943,0.91,0.977,-5.7% (-9.0%; -2.3%),-59% (-76%; -30%),--,niet-lineair,5ba800ff8e1051529305dcc133b0aa93462c2b2e,6aa70284f92658fa76fb0e5c71b0c75f9e196975
Zilvermeeuw,jaarlijks,0.948,0.915,0.982,-5.2% (-8.5%; -1.8%),-55% (-74%; -24%),-,niet-lineair,9f87033aa8f8f11dcde55ab76dd927a3636e2989,2715ed48af65d79b9c0ce23a13e3d50c714ca6f2
Zwarte kraai,driejaarlijks,1.013,1.01,1.016,+1.305% (+0.992%; +1.620%),+21% (+16%; +27%),+~,niet-lineair,0cc2715da03fa778fcd6c17c03e32f01effbac37,3f1cd2f90fd9324c56d75208ae66d23cd15ef84b
Zwarte kraai,jaarlijks,1.013,1.01,1.016,+1.298% (+0.995%; +1.613%),+21% (+16%; +27%),+~,niet-lineair,74f94df19d2871e965a0158f07b38dff6d15dc90,8d6dcfa88afcdf4f74339e100bc66f80d4751f03
Zwarte mees,driejaarlijks,0.947,0.921,0.974,-5.3% (-7.9%; -2.6%),-56% (-71%; -32%),--,lineair,69007ac0e9f618e160776a37bb669ed3dba8409e,db560f1542d26cd5dbe7d97c4d2b394dabab827a
Zwarte mees,jaarlijks,0.95,0.923,0.978,-5.0% (-7.7%; -2.2%),-54% (-70%; -29%),--,niet-lineair,15885a49fc3365c8e1f2caadf6bd6c447a0871cb,7d8b24b52bfcfc07a7b62cae408b79bf5b1441c5
Zwarte roodstaart,driejaarlijks,1.023,1.014,1.032,+2.3% (+1.4%; +3.2%),+41% (+23%; +61%),+,niet-lineair,1cf40c8e1dbeef4c21239cd8533eff14b0fc695a,f3dbe0ab7a1434507560ed3fb174a033a792eea6
Zwarte roodstaart,jaarlijks,1.023,1.014,1.032,+2.3% (+1.4%; +3.2%),+40% (+23%; +60%),+,niet-lineair,856dbcd3bbaa547ee001689f6b2ceac699ac6fb9,3e68c6963751b4dd39b1ef3fb807ecc7017b34ef
Zwarte specht,driejaarlijks,0.985,0.961,1.011,-1.5% (-3.9%; +1.1%),-20% (-45%; +17%),?-,niet-lineair,b9a86660d605c5d809fc70479e6d9c67c25e5f60,ea9309c0b082dbb6b142d1425ff70b6df2de119e
Zwarte specht,jaarlijks,0.986,0.96,1.012,-1.4% (-4.0%; +1.2%),-20% (-45%; +19%),?-,niet-lineair,11aaf03ec06e0d84878504b9c502c627df8aff4a,8140ce4582ee9f135c0deed40f473beacfd2fb07
Zwartkop,driejaarlijks,1.022,1.018,1.026,+2.21% (+1.82%; +2.61%),+39% (+31%; +47%),+,niet-lineair,18aeb3309fb862bac18efa79c02247f8476b2e6b,6cdc66ee534bc9b273e187069188b8018f12c786
Zwartkop,jaarlijks,1.023,1.019,1.027,+2.28% (+1.88%; +2.66%),+40% (+32%; +48%),+,niet-lineair,68a1791aa2fbf07b9da2aecddf9401b5d0cb1d24,ac4686422a6daf4987a4e42c061359b7b3eda959
